<?xml version="1.0"?>
<doc>
    <assembly>
        <name>Microsoft.AspNet.WebHooks.Receivers.Custom</name>
    </assembly>
    <members>
        <member name="T:System.Web.Http.HttpConfigurationExtensions">
            <summary>
            Extension methods for <see cref="T:System.Web.Http.HttpConfiguration"/>.
            </summary>
        </member>
        <member name="M:System.Web.Http.HttpConfigurationExtensions.InitializeReceiveCustomWebHooks(System.Web.Http.HttpConfiguration)">
            <summary>
            Initializes support for receiving WebHooks generated by the ASP.NET Custom WebHooks module. 
            Set the '<c>MS_WebHookReceiverSecret_Custom</c>' application setting to the application secrets, optionally using IDs
            to differentiate between multiple WebHooks, for example '<c>secret0, id1=secret1, id2=secret2</c>'.
            The corresponding WebHook URI is of the form '<c>https://&lt;host&gt;/api/webhooks/incoming/custom/{id}</c>'.
            </summary>
            <param name="config">The current <see cref="T:System.Web.Http.HttpConfiguration"/>config.</param>
        </member>
        <member name="T:Microsoft.AspNet.WebHooks.Properties.CustomReceiverResources">
            <summary>
              A strongly-typed resource class, for looking up localized strings, etc.
            </summary>
        </member>
        <member name="P:Microsoft.AspNet.WebHooks.Properties.CustomReceiverResources.ResourceManager">
            <summary>
              Returns the cached ResourceManager instance used by this class.
            </summary>
        </member>
        <member name="P:Microsoft.AspNet.WebHooks.Properties.CustomReceiverResources.Culture">
            <summary>
              Overrides the current thread's CurrentUICulture property for all
              resource lookups using this strongly typed resource class.
            </summary>
        </member>
        <member name="P:Microsoft.AspNet.WebHooks.Properties.CustomReceiverResources.Receiver_BadEvent">
            <summary>
              Looks up a localized string similar to Could not parse WebHook data: {0}.
            </summary>
        </member>
        <member name="P:Microsoft.AspNet.WebHooks.Properties.CustomReceiverResources.Receiver_BadHeaderEncoding">
            <summary>
              Looks up a localized string similar to The &apos;{0}&apos; header value is invalid. It must be a valid hex-encoded string..
            </summary>
        </member>
        <member name="P:Microsoft.AspNet.WebHooks.Properties.CustomReceiverResources.Receiver_BadHeaderValue">
            <summary>
              Looks up a localized string similar to Invalid &apos;{0}&apos; header value. Expecting a value of &apos;{1}={2}&apos;..
            </summary>
        </member>
        <member name="P:Microsoft.AspNet.WebHooks.Properties.CustomReceiverResources.Receiver_NoEcho">
            <summary>
              Looks up a localized string similar to The WebHook verification request must contain a &apos;{0}&apos; query parameter which will get echoed back in a successful response..
            </summary>
        </member>
        <member name="T:Microsoft.AspNet.WebHooks.CustomNotifications">
            <summary>
            Describes one or more event notifications received from a party supporting WebHooks generated by the ASP.NET Custom 
            WebHooks module. 
            </summary>
        </member>
        <member name="P:Microsoft.AspNet.WebHooks.CustomNotifications.Id">
            <summary>
            Gets or sets the unique ID of this WebHook message.
            </summary>
        </member>
        <member name="P:Microsoft.AspNet.WebHooks.CustomNotifications.Attempt">
            <summary>
            Gets or sets the number of times this message has been attempted to be delivered.
            </summary>
        </member>
        <member name="P:Microsoft.AspNet.WebHooks.CustomNotifications.Properties">
            <summary>
            Gets the set of additional properties included in this WebHook message.
            </summary>
        </member>
        <member name="P:Microsoft.AspNet.WebHooks.CustomNotifications.Notifications">
            <summary>
            Gets the collection of notifications included in this WebHook message. Each notification
            is represented as a <see cref="T:System.Collections.Generic.Dictionary`2"/> where <c>TKey</c> is a property
            name and <c>TValue</c> is the value of that property. For each notification, the Action 
            can be found using the key <c>Action</c>.
            </summary>
        </member>
        <member name="T:Microsoft.AspNet.WebHooks.CustomWebHookReceiver">
            <summary>
            Provides an <see cref="T:Microsoft.AspNet.WebHooks.IWebHookReceiver"/> implementation that can be used to receive WebHooks from parties 
            supporting WebHooks generated by the ASP.NET Custom WebHooks module. 
            Set the '<c>MS_WebHookReceiverSecret_Custom</c>' application setting to the application secrets, optionally using IDs
            to differentiate between multiple WebHooks, for example '<c>secret0, id1=secret1,id2=secret2</c>'.
            The corresponding WebHook URI is of the form '<c>https://&lt;host&gt;/api/webhooks/incoming/custom/{id}</c>'.
            </summary>
        </member>
        <member name="P:Microsoft.AspNet.WebHooks.CustomWebHookReceiver.ReceiverName">
            <summary>
            Gets the receiver name for this receiver.
            </summary>
        </member>
        <member name="P:Microsoft.AspNet.WebHooks.CustomWebHookReceiver.Name">
            <inheritdoc />
        </member>
        <member name="M:Microsoft.AspNet.WebHooks.CustomWebHookReceiver.ReceiveAsync(System.String,System.Web.Http.Controllers.HttpRequestContext,System.Net.Http.HttpRequestMessage)">
            <inheritdoc />
        </member>
        <member name="M:Microsoft.AspNet.WebHooks.CustomWebHookReceiver.VerifySignature(System.String,System.Net.Http.HttpRequestMessage)">
            <summary>
            Verifies that the signature header matches that of the actual body.
            </summary>
        </member>
        <member name="M:Microsoft.AspNet.WebHooks.CustomWebHookReceiver.WebHookVerification(System.String,System.Net.Http.HttpRequestMessage)">
            <summary>
            Creates a response to a WebHook verification GET request.
            </summary>
        </member>
        <member name="M:Microsoft.AspNet.WebHooks.CustomWebHookReceiver.GetActions(Newtonsoft.Json.Linq.JObject,System.Net.Http.HttpRequestMessage)">
            <summary>
            Gets the notification actions form the given <paramref name="data"/>.
            </summary>
            <param name="data">The request body.</param>
            <param name="request">The current <see cref="T:System.Net.Http.HttpRequestMessage"/>.</param>
            <returns>A collection of actions.</returns>
        </member>
    </members>
</doc>
